<?xml version="1.0" encoding="utf-8" standalone="yes"?>
<rss version="2.0" xmlns:atom="http://www.w3.org/2005/Atom">
  <channel>
    <title>Database on </title>
    <link>https://www.fh-bielefeld.de/elearning/data/FH-Bielefeld/lm_data/lm_1271733/database/</link>
    <description>Recent content in Database on </description>
    <generator>Hugo -- gohugo.io</generator>
    <language>de-DE</language><atom:link href="https://www.fh-bielefeld.de/elearning/data/FH-Bielefeld/lm_data/lm_1271733/database/index.xml" rel="self" type="application/rss+xml" />
    <item>
      <title>Java und Datenbanken: JDBC</title>
      <link>https://www.fh-bielefeld.de/elearning/data/FH-Bielefeld/lm_data/lm_1271733/database/jdbc/</link>
      <pubDate>Mon, 01 Jan 0001 00:00:00 +0000</pubDate>
      <guid>https://www.fh-bielefeld.de/elearning/data/FH-Bielefeld/lm_data/lm_1271733/database/jdbc/</guid>
      <description>Motivation Lorem Ipsum. Starte mit H2-Level. ...
Folie 2 ...
Folie 3 ...
Folie 4 ...
Folie 5 ...
Folie 6 ...
Wrap-Up ...</description>
    </item>
  </channel>
</rss>