<?xml version="1.0" encoding="utf-8" standalone="yes"?>
<rss version="2.0" xmlns:atom="http://www.w3.org/2005/Atom">
  <channel>
    <title>Pattern on </title>
    <link>https://www.fh-bielefeld.de/elearning/data/FH-Bielefeld/lm_data/lm_1271733/pattern/</link>
    <description>Recent content in Pattern on </description>
    <generator>Hugo -- gohugo.io</generator>
    <language>de-DE</language><atom:link href="https://www.fh-bielefeld.de/elearning/data/FH-Bielefeld/lm_data/lm_1271733/pattern/index.xml" rel="self" type="application/rss+xml" />
    <item>
      <title>Factory-Method-Pattern</title>
      <link>https://www.fh-bielefeld.de/elearning/data/FH-Bielefeld/lm_data/lm_1271733/pattern/factory-method/</link>
      <pubDate>Mon, 01 Jan 0001 00:00:00 +0000</pubDate>
      <guid>https://www.fh-bielefeld.de/elearning/data/FH-Bielefeld/lm_data/lm_1271733/pattern/factory-method/</guid>
      <description>Motivation: Ticket-App   Nutzer geben Fahrtziel an (und nicht die Ticketart!)
  Ticket-App bucht passendes Ticket
 User muss nicht die konkreten Ticketarten kennen Ticketarten lassen sich leicht austauschen    =&amp;gt; Factory-Method-Pattern: Objekte sollen nicht direkt durch den Nutzer erzeugt werden
Factory-Method-Pattern  Hands-On: Ticket-App Implementieren Sie eine Ticket-App, die verschiedene Tickets mit Hilfe des Factory-Method Entwurfsmusters generiert.
UML; Konsole: factory.FactoryBeispiel   Wrap-Up   Konkrete Objekte sollen nicht direkt über Konstruktor erzeugt werden</description>
    </item>
    <item>
      <title>Visitor-Pattern</title>
      <link>https://www.fh-bielefeld.de/elearning/data/FH-Bielefeld/lm_data/lm_1271733/pattern/visitor/</link>
      <pubDate>Mon, 01 Jan 0001 00:00:00 +0000</pubDate>
      <guid>https://www.fh-bielefeld.de/elearning/data/FH-Bielefeld/lm_data/lm_1271733/pattern/visitor/</guid>
      <description>Motivation Lorem Ipsum. Starte mit H2-Level. ...
Folie 2 ...
Folie 3 ...
Folie 4 ...
Folie 5 ...
Folie 6 ...
Wrap-Up ...</description>
    </item>
    <item>
      <title>Observer-Pattern</title>
      <link>https://www.fh-bielefeld.de/elearning/data/FH-Bielefeld/lm_data/lm_1271733/pattern/observer/</link>
      <pubDate>Mon, 01 Jan 0001 00:00:00 +0000</pubDate>
      <guid>https://www.fh-bielefeld.de/elearning/data/FH-Bielefeld/lm_data/lm_1271733/pattern/observer/</guid>
      <description>Motivation Lorem Ipsum. Starte mit H2-Level. ...
Folie 2 ...
Folie 3 ...
Folie 4 ...
Folie 5 ...
Folie 6 ...
Wrap-Up ...</description>
    </item>
    <item>
      <title>Strategy-Pattern</title>
      <link>https://www.fh-bielefeld.de/elearning/data/FH-Bielefeld/lm_data/lm_1271733/pattern/strategy/</link>
      <pubDate>Mon, 01 Jan 0001 00:00:00 +0000</pubDate>
      <guid>https://www.fh-bielefeld.de/elearning/data/FH-Bielefeld/lm_data/lm_1271733/pattern/strategy/</guid>
      <description>Wie kann man das Verhalten einer Klasse dynamisch ändern?  Modellierung unterschiedlicher Hunderassen: Jede Art bellt anders.
Es bietet sich an, die Hunderassen von einer gemeinsamen Basisklasse Hund abzuleiten, um die Hundeartigkeit allgemein sicherzustellen.
Da jede Rasse anders bellen soll, muss jedes Mal die Methode bellen überschrieben werden. Das ist relativ aufwändig und fehleranfällig. Außerdem kann man damit nicht modellieren, dass es beispielsweise auch konkrete Bulldoggen geben mag, die nur leise fiepen .</description>
    </item>
    <item>
      <title>Template-Method-Pattern</title>
      <link>https://www.fh-bielefeld.de/elearning/data/FH-Bielefeld/lm_data/lm_1271733/pattern/template-method/</link>
      <pubDate>Mon, 01 Jan 0001 00:00:00 +0000</pubDate>
      <guid>https://www.fh-bielefeld.de/elearning/data/FH-Bielefeld/lm_data/lm_1271733/pattern/template-method/</guid>
      <description>Motivation Lorem Ipsum. Starte mit H2-Level. ...
Folie 2 ...
Folie 3 ...
Folie 4 ...
Folie 5 ...
Folie 6 ...
Wrap-Up ...</description>
    </item>
    <item>
      <title>Command-Pattern</title>
      <link>https://www.fh-bielefeld.de/elearning/data/FH-Bielefeld/lm_data/lm_1271733/pattern/command/</link>
      <pubDate>Mon, 01 Jan 0001 00:00:00 +0000</pubDate>
      <guid>https://www.fh-bielefeld.de/elearning/data/FH-Bielefeld/lm_data/lm_1271733/pattern/command/</guid>
      <description>Motivation Lorem Ipsum. Starte mit H2-Level. ...
Folie 2 ...
Folie 3 ...
Folie 4 ...
Folie 5 ...
Folie 6 ...
Wrap-Up ...</description>
    </item>
    <item>
      <title>Flyweight-Pattern</title>
      <link>https://www.fh-bielefeld.de/elearning/data/FH-Bielefeld/lm_data/lm_1271733/pattern/flyweight/</link>
      <pubDate>Mon, 01 Jan 0001 00:00:00 +0000</pubDate>
      <guid>https://www.fh-bielefeld.de/elearning/data/FH-Bielefeld/lm_data/lm_1271733/pattern/flyweight/</guid>
      <description>Motivation Lorem Ipsum. Starte mit H2-Level. ...
Folie 2 ...
Folie 3 ...
Folie 4 ...
Folie 5 ...
Folie 6 ...
Wrap-Up ...</description>
    </item>
    <item>
      <title>Type-Object-Pattern</title>
      <link>https://www.fh-bielefeld.de/elearning/data/FH-Bielefeld/lm_data/lm_1271733/pattern/type-object/</link>
      <pubDate>Mon, 01 Jan 0001 00:00:00 +0000</pubDate>
      <guid>https://www.fh-bielefeld.de/elearning/data/FH-Bielefeld/lm_data/lm_1271733/pattern/type-object/</guid>
      <description>Motivation Lorem Ipsum. Starte mit H2-Level. ...
Folie 2 ...
Folie 3 ...
Folie 4 ...
Folie 5 ...
Folie 6 ...
Wrap-Up ...</description>
    </item>
  </channel>
</rss>